"HL","WT",".fit"
0.66,23.2,0.443120999635224
0.664137931034483,23.2,0.511383815156614
0.668275862068965,23.2,0.578277912981727
0.672413793103448,23.2,0.641092942539023
0.676551724137931,23.2,0.697674906388709
0.680689655172414,23.2,0.746633623587874
0.684827586206897,23.2,0.787276543099521
0.688965517241379,23.2,0.819151591591077
0.693103448275862,23.2,0.84140770694369
0.697241379310345,23.2,0.857325881446338
0.701379310344828,23.2,0.86994356443649
0.70551724137931,23.2,0.880799239408761
0.709655172413793,23.2,0.891019759612964
0.713793103448276,23.2,0.901211074467671
0.717931034482759,23.2,0.9111583295208
0.722068965517241,23.2,0.920540096276077
0.726206896551724,23.2,0.92932875170277
0.730344827586207,23.2,0.937862933254996
0.73448275862069,23.2,0.946627032500426
0.738620689655172,23.2,0.954935122266762
0.742758620689655,23.2,0.962659407155249
0.746896551724138,23.2,0.969795504639215
0.751034482758621,23.2,0.976274162005804
0.755172413793104,23.2,0.981945265223386
0.759310344827586,23.2,0.986668919761117
0.763448275862069,23.2,0.990405697234154
0.767586206896552,23.2,0.993229962426145
0.771724137931035,23.2,0.995288032580799
0.775862068965517,23.2,0.996747909038803
0.78,23.2,0.997764677298969
0.66,23.4689655172414,0.344220180901218
0.664137931034483,23.4689655172414,0.408885146258511
0.668275862068965,23.4689655172414,0.47602401885841
0.672413793103448,23.4689655172414,0.542708153824635
0.676551724137931,23.4689655172414,0.605983295625887
0.680689655172414,23.4689655172414,0.663317603525975
0.684827586206897,23.4689655172414,0.712799708399041
0.688965517241379,23.4689655172414,0.752824993776145
0.693103448275862,23.4689655172414,0.782042294194806
0.697241379310345,23.4689655172414,0.803544438841016
0.701379310344828,23.4689655172414,0.820705078787486
0.70551724137931,23.4689655172414,0.835447680820558
0.709655172413793,23.4689655172414,0.849466076377364
0.713793103448276,23.4689655172414,0.864082563782167
0.717931034482759,23.4689655172414,0.87826949340399
0.722068965517241,23.4689655172414,0.891357973355241
0.726206896551724,23.4689655172414,0.903310545937846
0.730344827586207,23.4689655172414,0.914549309918363
0.73448275862069,23.4689655172414,0.925479052421226
0.738620689655172,23.4689655172414,0.93599814572602
0.742758620689655,23.4689655172414,0.946082753449698
0.746896551724138,23.4689655172414,0.955811643611811
0.751034482758621,23.4689655172414,0.965075186408485
0.755172413793104,23.4689655172414,0.973475512887585
0.759310344827586,23.4689655172414,0.980578038687477
0.763448275862069,23.4689655172414,0.986190343912531
0.767586206896552,23.4689655172414,0.990386078620272
0.771724137931035,23.4689655172414,0.993395513900471
0.775862068965517,23.4689655172414,0.995493806384914
0.78,23.4689655172414,0.99693166463097
0.66,23.7379310344828,0.255521931779661
0.664137931034483,23.7379310344828,0.311602846200006
0.668275862068965,23.7379310344828,0.373095773390395
0.672413793103448,23.7379310344828,0.437659853725993
0.676551724137931,23.7379310344828,0.502305654671385
0.680689655172414,23.7379310344828,0.56384066109535
0.684827586206897,23.7379310344828,0.619283833762018
0.688965517241379,23.7379310344828,0.666200585052056
0.693103448275862,23.7379310344828,0.703605232217198
0.697241379310345,23.7379310344828,0.73306725849912
0.701379310344828,23.7379310344828,0.757099777046728
0.70551724137931,23.7379310344828,0.77797838023218
0.709655172413793,23.7379310344828,0.797984811267779
0.713793103448276,23.7379310344828,0.818316453516691
0.717931034482759,23.7379310344828,0.837928839729971
0.722068965517241,23.7379310344828,0.855688632974656
0.726206896551724,23.7379310344828,0.871399493040758
0.730344827586207,23.7379310344828,0.885395518532359
0.73448275862069,23.7379310344828,0.898245807120438
0.738620689655172,23.7379310344828,0.910716320019375
0.742758620689655,23.7379310344828,0.923157148497401
0.746896551724138,23.7379310344828,0.935937354435489
0.751034482758621,23.7379310344828,0.948988627429766
0.755172413793104,23.7379310344828,0.961405626921905
0.759310344827586,23.7379310344828,0.972049794798682
0.763448275862069,23.7379310344828,0.980416336648663
0.767586206896552,23.7379310344828,0.986575454872996
0.771724137931035,23.7379310344828,0.990906504490317
0.775862068965517,23.7379310344828,0.993866513107501
0.78,23.7379310344828,0.995859623284524
0.66,24.0068965517241,0.182235473499002
0.664137931034483,24.0068965517241,0.22714753771669
0.668275862068965,24.0068965517241,0.278795201248166
0.672413793103448,24.0068965517241,0.335838518102277
0.676551724137931,24.0068965517241,0.396008806407135
0.680689655172414,24.0068965517241,0.456358092942251
0.684827586206897,24.0068965517241,0.513723130800671
0.688965517241379,24.0068965517241,0.565405244744529
0.693103448275862,24.0068965517241,0.609995548975946
0.697241379310345,24.0068965517241,0.647775978002563
0.701379310344828,24.0068965517241,0.68016452999746
0.70551724137931,24.0068965517241,0.709043524255778
0.709655172413793,24.0068965517241,0.736499297557339
0.713793103448276,24.0068965517241,0.764113215391617
0.717931034482759,24.0068965517241,0.790147258342234
0.722068965517241,24.0068965517241,0.812994681819942
0.726206896551724,24.0068965517241,0.832432723815252
0.730344827586207,24.0068965517241,0.848767732689193
0.73448275862069,24.0068965517241,0.862759385011873
0.738620689655172,24.0068965517241,0.876667319277397
0.742758620689655,24.0068965517241,0.89143556900291
0.746896551724138,24.0068965517241,0.908005849917266
0.751034482758621,24.0068965517241,0.926357626839827
0.755172413793104,24.0068965517241,0.944627941993182
0.759310344827586,24.0068965517241,0.960448436601452
0.763448275862069,24.0068965517241,0.972761025351543
0.767586206896552,24.0068965517241,0.981644048320435
0.771724137931035,24.0068965517241,0.987743553069132
0.775862068965517,24.0068965517241,0.991820088771649
0.78,24.0068965517241,0.994516665549617
0.66,24.2758620689655,0.125895194412114
0.664137931034483,24.2758620689655,0.1596223861526
0.668275862068965,24.2758620689655,0.199951956337338
0.672413793103448,24.2758620689655,0.246453079993143
0.676551724137931,24.2758620689655,0.297901703233652
0.680689655172414,24.2758620689655,0.352282771476574
0.684827586206897,24.2758620689655,0.407074333847774
0.688965517241379,24.2758620689655,0.459856701260355
0.693103448275862,24.2758620689655,0.508994164211286
0.697241379310345,24.2758620689655,0.553796062793975
0.701379310344828,24.2758620689655,0.594525946289768
0.70551724137931,24.2758620689655,0.632102672346872
0.709655172413793,24.2758620689655,0.667899819072105
0.713793103448276,24.2758620689655,0.702915022438544
0.717931034482759,24.2758620689655,0.735226047237098
0.722068965517241,24.2758620689655,0.762530891674239
0.726206896551724,24.2758620689655,0.784635731669468
0.730344827586207,24.2758620689655,0.80215510752813
0.73448275862069,24.2758620689655,0.815820100559227
0.738620689655172,24.2758620689655,0.830280576588606
0.742758620689655,24.2758620689655,0.847628897931345
0.746896551724138,24.2758620689655,0.869466574724269
0.751034482758621,24.2758620689655,0.8954726326395
0.755172413793104,24.2758620689655,0.922159098148155
0.759310344827586,24.2758620689655,0.945308077845318
0.763448275862069,24.2758620689655,0.963044241738516
0.767586206896552,24.2758620689655,0.975535088941173
0.771724137931035,24.2758620689655,0.983882804546665
0.775862068965517,24.2758620689655,0.989331293284726
0.78,24.2758620689655,0.992878212606847
0.66,24.5448275862069,0.0850623331452813
0.664137931034483,24.5448275862069,0.109253286958333
0.668275862068965,24.5448275862069,0.139041144162663
0.672413793103448,24.5448275862069,0.174607083048415
0.676551724137931,24.5448275862069,0.215653065500682
0.680689655172414,24.5448275862069,0.261252476769409
0.684827586206897,24.5448275862069,0.309920452742183
0.688965517241379,24.5448275862069,0.359984050207326
0.693103448275862,24.5448275862069,0.410093303140304
0.697241379310345,24.5448275862069,0.459125080346068
0.701379310344828,24.5448275862069,0.506584774125279
0.70551724137931,24.5448275862069,0.552203912878401
0.709655172413793,24.5448275862069,0.595718741994266
0.713793103448276,24.5448275862069,0.637177241045557
0.717931034482759,24.5448275862069,0.67397206272884
0.722068965517241,24.5448275862069,0.704034442992179
0.726206896551724,24.5448275862069,0.727133851668589
0.730344827586207,24.5448275862069,0.743587931136269
0.73448275862069,24.5448275862069,0.755154531837825
0.738620689655172,24.5448275862069,0.768793667458923
0.742758620689655,24.5448275862069,0.789406262020313
0.746896551724138,24.5448275862069,0.818835782143032
0.751034482758621,24.5448275862069,0.855547416483234
0.755172413793104,24.5448275862069,0.893828209021073
0.759310344827586,24.5448275862069,0.926693411097179
0.763448275862069,24.5448275862069,0.951370492819905
0.767586206896552,24.5448275862069,0.968336918774466
0.771724137931035,24.5448275862069,0.97936272789197
0.775862068965517,24.5448275862069,0.986392676866066
0.78,24.5448275862069,0.990921377396904
0.66,24.8137931034483,0.0568281353089189
0.664137931034483,24.8137931034483,0.073605011641448
0.668275862068965,24.8137931034483,0.0947305648174014
0.672413793103448,24.8137931034483,0.120700745968918
0.676551724137931,24.8137931034483,0.151797020955307
0.680689655172414,24.8137931034483,0.187958724813594
0.684827586206897,24.8137931034483,0.228742435253523
0.688965517241379,24.8137931034483,0.273447271119282
0.693103448275862,24.8137931034483,0.321196544378611
0.697241379310345,24.8137931034483,0.371055851099015
0.701379310344828,24.8137931034483,0.422582133028741
0.70551724137931,24.8137931034483,0.474700467751566
0.709655172413793,24.8137931034483,0.524856418912208
0.713793103448276,24.8137931034483,0.570995561986927
0.717931034482759,24.8137931034483,0.610345316260826
0.722068965517241,24.8137931034483,0.64099282227206
0.726206896551724,24.8137931034483,0.662848756480986
0.730344827586207,24.8137931034483,0.676379591738989
0.73448275862069,24.8137931034483,0.683486458673907
0.738620689655172,24.8137931034483,0.694761642566036
0.742758620689655,24.8137931034483,0.719756457732046
0.746896551724138,24.8137931034483,0.759466893373223
0.751034482758621,24.8137931034483,0.809423471397679
0.755172413793104,24.8137931034483,0.861552633521194
0.759310344827586,24.8137931034483,0.905666093228944
0.763448275862069,24.8137931034483,0.938202722479446
0.767586206896552,24.8137931034483,0.960189195644873
0.771724137931035,24.8137931034483,0.974194572169583
0.775862068965517,24.8137931034483,0.982973553140649
0.78,24.8137931034483,0.988612472320465
0.66,25.0827586206897,0.0376988594591812
0.664137931034483,25.0827586206897,0.0491245515872137
0.668275862068965,25.0827586206897,0.0637399592423386
0.672413793103448,25.0827586206897,0.0821376067179925
0.676551724137931,25.0827586206897,0.10487100274532
0.680689655172414,25.0827586206897,0.132404242417948
0.684827586206897,25.0827586206897,0.165077070750056
0.688965517241379,25.0827586206897,0.203084167775693
0.693103448275862,25.0827586206897,0.246381830549816
0.697241379310345,25.0827586206897,0.294588323000709
0.701379310344828,25.0827586206897,0.347465473314584
0.70551724137931,25.0827586206897,0.403571121887617
0.709655172413793,25.0827586206897,0.458512009047195
0.713793103448276,25.0827586206897,0.508258260858072
0.717931034482759,25.0827586206897,0.549301659060386
0.722068965517241,25.0827586206897,0.57922742354644
0.726206896551724,25.0827586206897,0.597799382824988
0.730344827586207,25.0827586206897,0.60670317364487
0.73448275862069,25.0827586206897,0.61059221436298
0.738620689655172,25.0827586206897,0.62060757355509
0.742758620689655,25.0827586206897,0.650628335221901
0.746896551724138,25.0827586206897,0.701171357696895
0.751034482758621,25.0827586206897,0.764490461345834
0.755172413793104,25.0827586206897,0.829605207515182
0.759310344827586,25.0827586206897,0.884448289619442
0.763448275862069,25.0827586206897,0.924443327662161
0.767586206896552,25.0827586206897,0.951198787023397
0.771724137931035,25.0827586206897,0.968266836711347
0.775862068965517,25.0827586206897,0.979024310586949
0.78,25.0827586206897,0.985907222031387
0.66,25.351724137931,0.0248886359291784
0.664137931034483,25.351724137931,0.032592153028261
0.668275862068965,25.351724137931,0.0425688456578787
0.672413793103448,25.351724137931,0.055367569016641
0.676551724137931,25.351724137931,0.0716053130239764
0.680689655172414,25.351724137931,0.0919696675848695
0.684827586206897,25.351724137931,0.117233051233919
0.688965517241379,25.351724137931,0.14827192525278
0.693103448275862,25.351724137931,0.185965902752322
0.697241379310345,25.351724137931,0.230840609030358
0.701379310344828,25.351724137931,0.282749765949458
0.70551724137931,25.351724137931,0.339890460781487
0.709655172413793,25.351724137931,0.397813002585887
0.713793103448276,25.351724137931,0.450800653312259
0.717931034482759,25.351724137931,0.494341715904779
0.722068965517241,25.351724137931,0.524745996829721
0.726206896551724,25.351724137931,0.541455364524834
0.730344827586207,25.351724137931,0.547944072590389
0.73448275862069,25.351724137931,0.550863988404652
0.738620689655172,25.351724137931,0.562106594576994
0.742758620689655,25.351724137931,0.596307426242034
0.746896551724138,25.351724137931,0.654495090006228
0.751034482758621,25.351724137931,0.727534796104367
0.755172413793104,25.351724137931,0.802818140332564
0.759310344827586,25.351724137931,0.865872744634501
0.763448275862069,25.351724137931,0.911455711565295
0.767586206896552,25.351724137931,0.942049562277884
0.771724137931035,25.351724137931,0.961875975564949
0.775862068965517,25.351724137931,0.97457216927839
0.78,25.351724137931,0.982759900396312
0.66,25.6206896551724,0.0163856505642176
0.664137931034483,25.6206896551724,0.0215487185474785
0.668275862068965,25.6206896551724,0.0283063353139803
0.672413793103448,25.6206896551724,0.0371122509276397
0.676551724137931,25.6206896551724,0.0485317519532842
0.680689655172414,25.6206896551724,0.0632755882157352
0.684827586206897,25.6206896551724,0.0822530182292059
0.688965517241379,25.6206896551724,0.106669582751299
0.693103448275862,25.6206896551724,0.138115477429521
0.697241379310345,25.6206896551724,0.177833953555889
0.701379310344828,25.6206896551724,0.226209202155593
0.70551724137931,25.6206896551724,0.282093263294999
0.709655172413793,25.6206896551724,0.34162121697002
0.713793103448276,25.6206896551724,0.397772773224223
0.717931034482759,25.6206896551724,0.445584498483004
0.722068965517241,25.6206896551724,0.480183376719087
0.726206896551724,25.6206896551724,0.500133940409514
0.730344827586207,25.6206896551724,0.509212013707046
0.73448275862069,25.6206896551724,0.514841243779971
0.738620689655172,25.6206896551724,0.527210545037848
0.742758620689655,25.6206896551724,0.566020730039132
0.746896551724138,25.6206896551724,0.629426480190483
0.751034482758621,25.6206896551724,0.70614205337235
0.755172413793104,25.6206896551724,0.785400144186108
0.759310344827586,25.6206896551724,0.851771769648409
0.763448275862069,25.6206896551724,0.900062590243938
0.767586206896552,25.6206896551724,0.933154820184538
0.771724137931035,25.6206896551724,0.955166116995825
0.775862068965517,25.6206896551724,0.96960081073475
0.78,25.6206896551724,0.979081381779935
0.66,25.8896551724138,0.0107718354729982
0.664137931034483,25.8896551724138,0.0142200376035591
0.668275862068965,25.8896551724138,0.0187748192427782
0.672413793103448,25.8896551724138,0.0247884753401999
0.676551724137931,25.8896551724138,0.0327292772285824
0.680689655172414,25.8896551724138,0.0432310138509575
0.684827586206897,25.8896551724138,0.0571695963671202
0.688965517241379,25.8896551724138,0.0757869687932012
0.693103448275862,25.8896551724138,0.100895467752772
0.697241379310345,25.8896551724138,0.134180586525154
0.701379310344828,25.8896551724138,0.176762796333356
0.70551724137931,25.8896551724138,0.228536522405101
0.709655172413793,25.8896551724138,0.286884431650521
0.713793103448276,25.8896551724138,0.346336779972159
0.717931034482759,25.8896551724138,0.401026525171958
0.722068965517241,25.8896551724138,0.444484005145301
0.726206896551724,25.8896551724138,0.47412324767491
0.730344827586207,25.8896551724138,0.493105763751545
0.73448275862069,25.8896551724138,0.507471477058459
0.738620689655172,25.8896551724138,0.52687161029398
0.742758620689655,25.8896551724138,0.568778699660309
0.746896551724138,25.8896551724138,0.631692115227276
0.751034482758621,25.8896551724138,0.704788562071829
0.755172413793104,25.8896551724138,0.778680935027026
0.759310344827586,25.8896551724138,0.841858729468712
0.763448275862069,25.8896551724138,0.889935414947645
0.767586206896552,25.8896551724138,0.924237345051718
0.771724137931035,25.8896551724138,0.947873399887381
0.775862068965517,25.8896551724138,0.963867883557522
0.78,25.8896551724138,0.974648535659513
0.66,26.1586206896552,0.00707619932914683
0.664137931034483,26.1586206896552,0.00937378639296185
0.668275862068965,26.1586206896552,0.0124327039938923
0.672413793103448,26.1586206896552,0.0165150368567305
0.676551724137931,26.1586206896552,0.0219839180143813
0.680689655172414,26.1586206896552,0.029355504338138
0.684827586206897,26.1586206896552,0.0393862746513517
0.688965517241379,26.1586206896552,0.0532067337245981
0.693103448275862,26.1586206896552,0.0724123564412911
0.697241379310345,26.1586206896552,0.0988501925633591
0.701379310344828,26.1586206896552,0.134222634811556
0.70551724137931,26.1586206896552,0.179492870521672
0.709655172413793,26.1586206896552,0.233924340069585
0.713793103448276,26.1586206896552,0.294405279366888
0.717931034482759,26.1586206896552,0.355594818327032
0.722068965517241,26.1586206896552,0.410695679400574
0.726206896551724,26.1586206896552,0.45576736763198
0.730344827586207,26.1586206896552,0.491048328098329
0.73448275862069,26.1586206896552,0.519836685052221
0.738620689655172,26.1586206896552,0.550497656496358
0.742758620689655,26.1586206896552,0.59452191391181
0.746896551724138,26.1586206896552,0.651658171005393
0.751034482758621,26.1586206896552,0.715083092980495
0.755172413793104,26.1586206896552,0.778192872669526
0.759310344827586,26.1586206896552,0.834231099736775
0.763448275862069,26.1586206896552,0.879660878228576
0.767586206896552,26.1586206896552,0.914161114658764
0.771724137931035,26.1586206896552,0.939142919050266
0.775862068965517,26.1586206896552,0.956734502647189
0.78,26.1586206896552,0.968985329219276
0.66,26.4275862068965,0.00464659307326658
0.664137931034483,26.4275862068965,0.00617468483175054
0.668275862068965,26.4275862068965,0.00822256371964508
0.672413793103448,26.4275862068965,0.0109788843655533
0.676551724137931,26.4275862068965,0.0147111107834038
0.680689655172414,26.4275862068965,0.0198085777577073
0.684827586206897,26.4275862068965,0.0268573570402181
0.688965517241379,26.4275862068965,0.0367664763398495
0.693103448275862,26.4275862068965,0.0508890103768748
0.697241379310345,26.4275862068965,0.070917449122968
0.701379310344828,26.4275862068965,0.098685385423729
0.70551724137931,26.4275862068965,0.135882848793941
0.709655172413793,26.4275862068965,0.183435702316277
0.713793103448276,26.4275862068965,0.240744187163111
0.717931034482759,26.4275862068965,0.305000465327589
0.722068965517241,26.4275862068965,0.370020124859291
0.726206896551724,26.4275862068965,0.431145800603445
0.730344827586207,26.4275862068965,0.485652366775403
0.73448275862069,26.4275862068965,0.530645348650483
0.738620689655172,26.4275862068965,0.574342814119275
0.742758620689655,26.4275862068965,0.620167479310285
0.746896551724138,26.4275862068965,0.67017869466572
0.751034482758621,26.4275862068965,0.722995382292291
0.755172413793104,26.4275862068965,0.774803155925461
0.759310344827586,26.4275862068965,0.823302481938891
0.763448275862069,26.4275862068965,0.865685033493075
0.767586206896552,26.4275862068965,0.900413939914839
0.771724137931035,26.4275862068965,0.927145680461701
0.775862068965517,26.4275862068965,0.946873879152232
0.78,26.4275862068965,0.961169773296837
0.66,26.6965517241379,0.00305007991696812
0.664137931034483,26.6965517241379,0.00406456949084045
0.668275862068965,26.6965517241379,0.00543149187229345
0.672413793103448,26.6965517241379,0.00728335465733623
0.676551724137931,26.6965517241379,0.0098100652533246
0.680689655172414,26.6965517241379,0.0132898027194104
0.684827586206897,26.6965517241379,0.0181412721061151
0.688965517241379,26.6965517241379,0.0250240555940419
0.693103448275862,26.6965517241379,0.035043493643985
0.697241379310345,26.6965517241379,0.0495508974479085
0.701379310344828,26.6965517241379,0.070135359413156
0.70551724137931,26.6965517241379,0.0986421418724992
0.709655172413793,26.6965517241379,0.136830944896187
0.713793103448276,26.6965517241379,0.185833876312909
0.717931034482759,26.6965517241379,0.245453448944256
0.722068965517241,26.6965517241379,0.312819708763798
0.726206896551724,26.6965517241379,0.384120072578967
0.730344827586207,26.6965517241379,0.453632072645517
0.73448275862069,26.6965517241379,0.514422552510973
0.738620689655172,26.6965517241379,0.571109146399405
0.742758620689655,26.6965517241379,0.620646415882249
0.746896551724138,26.6965517241379,0.66711910249942
0.751034482758621,26.6965517241379,0.71327358241427
0.755172413793104,26.6965517241379,0.757386793258654
0.759310344827586,26.6965517241379,0.801262427101739
0.763448275862069,26.6965517241379,0.842441460980113
0.767586206896552,26.6965517241379,0.878852093751886
0.771724137931035,26.6965517241379,0.908774112628879
0.775862068965517,26.6965517241379,0.931973413750033
0.78,26.6965517241379,0.949357270649492
0.66,26.9655172413793,0.00200109018323694
0.664137931034483,26.9655172413793,0.00267324827975951
0.668275862068965,26.9655172413793,0.00358285273777853
0.672413793103448,26.9655172413793,0.00482138825808246
0.676551724137931,26.9655172413793,0.00652084259082376
0.680689655172414,26.9655172413793,0.00887543234600091
0.684827586206897,26.9655172413793,0.0121783725499827
0.688965517241379,26.9655172413793,0.0168931598488482
0.693103448275862,26.9655172413793,0.0237793077736245
0.697241379310345,26.9655172413793,0.0338199109592018
0.701379310344828,26.9655172413793,0.0482394688405721
0.70551724137931,26.9655172413793,0.0685816712050053
0.709655172413793,26.9655172413793,0.0965964630323469
0.713793103448276,26.9655172413793,0.133971271716288
0.717931034482759,26.9655172413793,0.182154401105663
0.722068965517241,26.9655172413793,0.241639828643713
0.726206896551724,26.9655172413793,0.310969491208747
0.730344827586207,26.9655172413793,0.384903361526249
0.73448275862069,26.9655172413793,0.4558304470774
0.738620689655172,26.9655172413793,0.522606953494408
0.742758620689655,26.9655172413793,0.578231891447169
0.746896551724138,26.9655172413793,0.626649162402219
0.751034482758621,26.9655172413793,0.67223964797247
0.755172413793104,26.9655172413793,0.714503465089332
0.759310344827586,26.9655172413793,0.758439685879656
0.763448275862069,26.9655172413793,0.802869340306046
0.767586206896552,26.9655172413793,0.844492283491388
0.771724137931035,26.9655172413793,0.880321503353942
0.775862068965517,26.9655172413793,0.909170980708026
0.78,26.9655172413793,0.931423795521296
0.66,27.2344827586207,0.0013118597598221
0.664137931034483,27.2344827586207,0.00175611349441364
0.668275862068965,27.2344827586207,0.00235930372545971
0.672413793103448,27.2344827586207,0.00318367936476383
0.676551724137931,27.2344827586207,0.00431943557273471
0.680689655172414,27.2344827586207,0.00589977183418627
0.684827586206897,27.2344827586207,0.00812603017172273
0.688965517241379,27.2344827586207,0.0113093543465517
0.693103448275862,27.2344827586207,0.0159208517588216
0.697241379310345,27.2344827586207,0.0226119670943302
0.701379310344828,27.2344827586207,0.032234712796523
0.70551724137931,27.2344827586207,0.0458751843291436
0.709655172413793,27.2344827586207,0.064838535601358
0.713793103448276,27.2344827586207,0.0906000397405531
0.717931034482759,27.2344827586207,0.124875458162963
0.722068965517241,27.2344827586207,0.169770191456284
0.726206896551724,27.2344827586207,0.226003242984629
0.730344827586207,27.2344827586207,0.290983490518011
0.73448275862069,27.2344827586207,0.360240192925383
0.738620689655172,27.2344827586207,0.428366796262138
0.742758620689655,27.2344827586207,0.4885356385822
0.746896551724138,27.2344827586207,0.541433141787661
0.751034482758621,27.2344827586207,0.590599551595981
0.755172413793104,27.2344827586207,0.638116570866369
0.759310344827586,27.2344827586207,0.687759909426979
0.763448275862069,27.2344827586207,0.740730624370471
0.767586206896552,27.2344827586207,0.792177135339521
0.771724137931035,27.2344827586207,0.837570404813899
0.775862068965517,27.2344827586207,0.875052634852459
0.78,27.2344827586207,0.904663800502546
0.66,27.5034482758621,0.000859090264488543
0.664137931034483,27.5034482758621,0.00115183299620955
0.668275862068965,27.5034482758621,0.00155018677064669
0.672413793103448,27.5034482758621,0.00209583906047692
0.676551724137931,27.5034482758621,0.00284915875579485
0.680689655172414,27.5034482758621,0.00389889927552526
0.684827586206897,27.5034482758621,0.00537734731827679
0.688965517241379,27.5034482758621,0.00748236347178144
0.693103448275862,27.5034482758621,0.0105034065332239
0.697241379310345,27.5034482758621,0.0148445410558013
0.701379310344828,27.5034482758621,0.0210448671269444
0.70551724137931,27.5034482758621,0.0297963635754866
0.709655172413793,27.5034482758621,0.0419480893873573
0.713793103448276,27.5034482758621,0.0585026325398313
0.717931034482759,27.5034482758621,0.0806851723462447
0.722068965517241,27.5034482758621,0.110695513415041
0.726206896551724,27.5034482758621,0.150039426133436
0.730344827586207,27.5034482758621,0.198021180844113
0.73448275862069,27.5034482758621,0.253783944397993
0.738620689655172,27.5034482758621,0.312382736407649
0.742758620689655,27.5034482758621,0.369132902925383
0.746896551724138,27.5034482758621,0.42303294689344
0.751034482758621,27.5034482758621,0.476080231109465
0.755172413793104,27.5034482758621,0.53074854793997
0.759310344827586,27.5034482758621,0.58944329163935
0.763448275862069,27.5034482758621,0.653957418502242
0.767586206896552,27.5034482758621,0.718214437766284
0.771724137931035,27.5034482758621,0.77634385585864
0.775862068965517,27.5034482758621,0.825582449222484
0.78,27.5034482758621,0.865457531212362
0.66,27.7724137931034,0.000561818504844215
0.664137931034483,27.7724137931034,0.000754050089175416
0.668275862068965,27.7724137931034,0.00101589920616154
0.672413793103448,27.7724137931034,0.00137481384493252
0.676551724137931,27.7724137931034,0.00187031505262518
0.680689655172414,27.7724137931034,0.00255986971562177
0.684827586206897,27.7724137931034,0.003527520858754
0.688965517241379,27.7724137931034,0.0048957070320484
0.693103448275862,27.7724137931034,0.00683953319150954
0.697241379310345,27.7724137931034,0.00960173039724449
0.701379310344828,27.7724137931034,0.0135070698837352
0.70551724137931,27.7724137931034,0.0189753148873744
0.709655172413793,27.7724137931034,0.0265327361070839
0.713793103448276,27.7724137931034,0.0368345667629693
0.717931034482759,27.7724137931034,0.0507561709732445
0.722068965517241,27.7724137931034,0.0695790055667279
0.726206896551724,27.7724137931034,0.0944360091006204
0.730344827586207,27.7724137931034,0.125833975021326
0.73448275862069,27.7724137931034,0.163885418735671
0.738620689655172,27.7724137931034,0.206452470947315
0.742758620689655,27.7724137931034,0.251254501628692
0.746896551724138,27.7724137931034,0.298042823286726
0.751034482758621,27.7724137931034,0.34904015014598
0.755172413793104,27.7724137931034,0.406967266690684
0.759310344827586,27.7724137931034,0.473123292818218
0.763448275862069,27.7724137931034,0.546706258333844
0.767586206896552,27.7724137931034,0.622593972847423
0.771724137931035,27.7724137931034,0.694149090008882
0.775862068965517,27.7724137931034,0.757045317985065
0.78,27.7724137931034,0.809765889464828
0.66,28.0413793103448,0.000366835446372605
0.664137931034483,28.0413793103448,0.000492593706254643
0.668275862068965,28.0413793103448,0.000663875301039588
0.672413793103448,28.0413793103448,0.000898470424211226
0.676551724137931,28.0413793103448,0.0012217634555782
0.680689655172414,28.0413793103448,0.00167016761665122
0.684827586206897,28.0413793103448,0.00229596056126008
0.688965517241379,28.0413793103448,0.00317370801919181
0.693103448275862,28.0413793103448,0.00440811442467836
0.697241379310345,28.0413793103448,0.00614279983712314
0.701379310344828,28.0413793103448,0.00856950080884151
0.70551724137931,28.0413793103448,0.0119376908492483
0.709655172413793,28.0413793103448,0.0165664706906611
0.713793103448276,28.0413793103448,0.0228657062025686
0.717931034482759,28.0413793103448,0.0313757992174921
0.722068965517241,28.0413793103448,0.0427859350664417
0.726206896551724,28.0413793103448,0.0578027828691382
0.730344827586207,28.0413793103448,0.0769688241150921
0.73448275862069,28.0413793103448,0.100460219177914
0.738620689655172,28.0413793103448,0.12779081086119
0.742758620689655,28.0413793103448,0.158358373681988
0.746896551724138,28.0413793103448,0.192801256465497
0.751034482758621,28.0413793103448,0.23457719704563
0.755172413793104,28.0413793103448,0.287853864580588
0.759310344827586,28.0413793103448,0.353067524044168
0.763448275862069,28.0413793103448,0.42877459056988
0.767586206896552,28.0413793103448,0.510779654492284
0.771724137931035,28.0413793103448,0.592399690602755
0.775862068965517,28.0413793103448,0.667893532703116
0.78,28.0413793103448,0.734318913804259
0.66,28.3103448275862,0.00023912765745675
0.664137931034483,28.3103448275862,0.000321095368246339
0.668275862068965,28.3103448275862,0.000432613046606943
0.672413793103448,28.3103448275862,0.000585063861585914
0.676551724137931,28.3103448275862,0.000794521337295885
0.680689655172414,28.3103448275862,0.00108372819305258
0.684827586206897,28.3103448275862,0.00148480043370624
0.688965517241379,28.3103448275862,0.00204275460890296
0.693103448275862,28.3103448275862,0.00281984503352347
0.697241379310345,28.3103448275862,0.00390059050835154
0.701379310344828,28.3103448275862,0.00539738774289741
0.70551724137931,28.3103448275862,0.00745690357589339
0.709655172413793,28.3103448275862,0.0102681717844142
0.713793103448276,28.3103448275862,0.0140739898363311
0.717931034482759,28.3103448275862,0.0191840061485059
0.722068965517241,28.3103448275862,0.0259740190073868
0.726206896551724,28.3103448275862,0.0348466813427568
0.730344827586207,28.3103448275862,0.0461573830655417
0.73448275862069,28.3103448275862,0.0601238242567011
0.738620689655172,28.3103448275862,0.0767901550764822
0.742758620689655,28.3103448275862,0.0962557902547586
0.746896551724138,28.3103448275862,0.11932644202967
0.751034482758621,28.3103448275862,0.149403049899358
0.755172413793104,28.3103448275862,0.191973394758748
0.759310344827586,28.3103448275862,0.247198904404685
0.763448275862069,28.3103448275862,0.315414828039499
0.767586206896552,28.3103448275862,0.394409400359134
0.771724137931035,28.3103448275862,0.478387909217454
0.775862068965517,28.3103448275862,0.561163661352591
0.78,28.3103448275862,0.638738258659544
0.66,28.5793103448276,0.000155629918760392
0.664137931034483,28.5793103448276,0.000208875691080446
0.668275862068965,28.5793103448276,0.000281185206397962
0.672413793103448,28.5793103448276,0.000379773454118806
0.676551724137931,28.5793103448276,0.000514721405970119
0.680689655172414,28.5793103448276,0.000700112044224026
0.684827586206897,28.5793103448276,0.000955550339151852
0.688965517241379,28.5793103448276,0.00130812268735392
0.693103448275862,28.5793103448276,0.00179481568559174
0.697241379310345,28.5793103448276,0.00246538274505025
0.701379310344828,28.5793103448276,0.00338566141854147
0.70551724137931,28.5793103448276,0.00464144366072017
0.709655172413793,28.5793103448276,0.00634313775680397
0.713793103448276,28.5793103448276,0.00863124177779326
0.717931034482759,28.5793103448276,0.0116810735090743
0.722068965517241,28.5793103448276,0.0157019240291806
0.726206896551724,28.5793103448276,0.0209247768728302
0.730344827586207,28.5793103448276,0.0275794054157629
0.73448275862069,28.5793103448276,0.0358751589296288
0.738620689655172,28.5793103448276,0.0460270312562267
0.742758620689655,28.5793103448276,0.0584096547799007
0.746896551724138,28.5793103448276,0.0739681820350632
0.751034482758621,28.5793103448276,0.0949975851826751
0.755172413793104,28.5793103448276,0.124738526711149
0.759310344827586,28.5793103448276,0.165625365431596
0.763448275862069,28.5793103448276,0.219706098086035
0.767586206896552,28.5793103448276,0.287216186526609
0.771724137931035,28.5793103448276,0.364251783306576
0.775862068965517,28.5793103448276,0.445538293301084
0.78,28.5793103448276,0.527813484226505
0.66,28.848275862069,0.000101142090539954
0.664137931034483,28.848275862069,0.000135631939521768
0.668275862068965,28.848275862069,0.000182362561052664
0.672413793103448,28.848275862069,0.000245878742378046
0.676551724137931,28.848275862069,0.000332467999448936
0.680689655172414,28.848275862069,0.000450815115672672
0.684827586206897,28.848275862069,0.000612864970999744
0.688965517241379,28.848275862069,0.000834926467538625
0.693103448275862,28.848275862069,0.00113903935250619
0.697241379310345,28.848275862069,0.00155461660681543
0.701379310344828,28.848275862069,0.002120379104456
0.70551724137931,28.848275862069,0.00288661865492606
0.709655172413793,28.848275862069,0.00391781874473643
0.713793103448276,28.848275862069,0.00529549561945849
0.717931034482759,28.848275862069,0.00712062369423869
0.722068965517241,28.848275862069,0.009514378636043
0.726206896551724,28.848275862069,0.012616308800147
0.730344827586207,28.848275862069,0.0165820647766027
0.73448275862069,28.848275862069,0.0215896694715556
0.738620689655172,28.848275862069,0.0278749757579806
0.742758620689655,28.848275862069,0.0358311265935727
0.746896551724138,28.848275862069,0.0462075124143112
0.751034482758621,28.848275862069,0.0603499701219081
0.755172413793104,28.848275862069,0.080187039514827
0.759310344827586,28.848275862069,0.108083181810265
0.763448275862069,28.848275862069,0.147001793609483
0.767586206896552,28.848275862069,0.198449689960351
0.771724137931035,28.848275862069,0.261403350138536
0.775862068965517,28.848275862069,0.33345931721111
0.78,28.848275862069,0.412042960798265
0.66,29.1172413793103,6.56529110388946e-05
0.664137931034483,29.1172413793103,8.7944316639048e-05
0.668275862068965,29.1172413793103,0.000118069863184197
0.672413793103448,29.1172413793103,0.000158882727927324
0.676551724137931,29.1172413793103,0.000214295313842876
0.680689655172414,29.1172413793103,0.000289659571398259
0.684827586206897,29.1172413793103,0.000392263345583566
0.688965517241379,29.1172413793103,0.000531962782987516
0.693103448275862,29.1172413793103,0.00072196798445687
0.697241379310345,29.1172413793103,0.000979796807319622
0.701379310344828,29.1172413793103,0.00132841261997162
0.70551724137931,29.1172413793103,0.00179756398383765
0.709655172413793,29.1172413793103,0.00242533295242751
0.713793103448276,29.1172413793103,0.00325984579039717
0.717931034482759,29.1172413793103,0.00436100490206472
0.722068965517241,29.1172413793103,0.00580210455819438
0.726206896551724,29.1172413793103,0.00767168657590185
0.730344827586207,29.1172413793103,0.0100775298714455
0.73448275862069,29.1172413793103,0.0131576815604862
0.738620689655172,29.1172413793103,0.017107733661442
0.742758620689655,29.1172413793103,0.0222368156882609
0.746896551724138,29.1172413793103,0.0290590664002791
0.751034482758621,29.1172413793103,0.0383992585739071
0.755172413793104,29.1172413793103,0.0514671935579604
0.759310344827586,29.1172413793103,0.0699733589722077
0.763448275862069,29.1172413793103,0.0964028935875927
0.767586206896552,29.1172413793103,0.132621599387941
0.771724137931035,29.1172413793103,0.17950094866368
0.775862068965517,29.1172413793103,0.237079381056868
0.78,29.1172413793103,0.304509940871885
0.66,29.3862068965517,4.25784702944732e-05
0.664137931034483,29.3862068965517,5.69636680243959e-05
0.668275862068965,29.3862068965517,7.63531812621207e-05
0.672413793103448,29.3862068965517,0.000102536366997623
0.676551724137931,29.3862068965517,0.000137948180437927
0.680689655172414,29.3862068965517,0.000185892778327734
0.684827586206897,29.3862068965517,0.000250833601679882
0.688965517241379,29.3862068965517,0.000338762612351594
0.693103448275862,29.3862068965517,0.000457661309542925
0.697241379310345,29.3862068965517,0.000618066498313899
0.701379310344828,29.3862068965517,0.000833755387269767
0.70551724137931,29.3862068965517,0.00112256724452823
0.709655172413793,29.3862068965517,0.00150738055076508
0.713793103448276,29.3862068965517,0.00201726587444797
0.717931034482759,29.3862068965517,0.00268885563929546
0.722068965517241,29.3862068965517,0.00356808317898479
0.726206896551724,29.3862068965517,0.00471278692668281
0.730344827586207,29.3862068965517,0.00619742989548459
0.73448275862069,29.3862068965517,0.00812244360228244
0.738620689655172,29.3862068965517,0.0106322335546381
0.742758620689655,29.3862068965517,0.0139466952831701
0.746896551724138,29.3862068965517,0.0184092600355001
0.751034482758621,29.3862068965517,0.0245496680330272
0.755172413793104,29.3862068965517,0.0331611509845155
0.759310344827586,29.3862068965517,0.0454057973221695
0.763448275862069,29.3862068965517,0.0628575299202102
0.767586206896552,29.3862068965517,0.0872079964720188
0.771724137931035,29.3862068965517,0.119969452413633
0.775862068965517,29.3862068965517,0.162343022219977
0.78,29.3862068965517,0.215001664450721
0.66,29.6551724137931,2.75982410673806e-05
0.664137931034483,29.6551724137931,3.6873177774758e-05
0.668275862068965,29.6551724137931,4.93424845992512e-05
0.672413793103448,29.6551724137931,6.61292683118654e-05
0.676551724137931,29.6551724137931,8.8752145432274e-05
0.680689655172414,29.6551724137931,0.000119258541146247
0.684827586206897,29.6551724137931,0.000160397194779571
0.688965517241379,29.6551724137931,0.000215838177650792
0.693103448275862,29.6551724137931,0.000290449621067948
0.697241379310345,29.6551724137931,0.000390641769967586
0.701379310344828,29.6551724137931,0.000524791555771269
0.70551724137931,29.6551724137931,0.000703765435135772
0.709655172413793,29.6551724137931,0.000941566362870409
0.713793103448276,29.6551724137931,0.00125614744608638
0.717931034482759,29.6551724137931,0.00167047453202884
0.722068965517241,29.6551724137931,0.00221401485549967
0.726206896551724,29.6551724137931,0.00292503128537747
0.730344827586207,29.6551724137931,0.00385442833416389
0.73448275862069,29.6551724137931,0.0050724428507243
0.738620689655172,29.6551724137931,0.00668010015113581
0.742758620689655,29.6551724137931,0.00882778908731919
0.746896551724138,29.6551724137931,0.0117432260896603
0.751034482758621,29.6551724137931,0.0157707146847509
0.755172413793104,29.6551724137931,0.0214236385324327
0.759310344827586,29.6551724137931,0.0294466391207089
0.763448275862069,29.6551724137931,0.040853633285847
0.767586206896552,29.6551724137931,0.0568902402507427
0.771724137931035,29.6551724137931,0.0789478692683764
0.775862068965517,29.6551724137931,0.108467390916132
0.78,29.6551724137931,0.146786449357435
0.66,29.9241379310345,1.78842015730294e-05
0.664137931034483,29.9241379310345,2.38625880482795e-05
0.668275862068965,29.9241379310345,3.18805748952887e-05
0.672413793103448,29.9241379310345,4.26446541764333e-05
0.676551724137931,29.9241379310345,5.71052324142432e-05
0.680689655172414,29.9241379310345,7.6537282882529e-05
0.684827586206897,29.9241379310345,0.000102644768548228
0.688965517241379,29.9241379310345,0.000137694432911086
0.693103448275862,29.9241379310345,0.000184685660387158
0.697241379310345,29.9241379310345,0.000247564796012379
0.701379310344828,29.9241379310345,0.000331495134763721
0.70551724137931,29.9241379310345,0.000443198694607765
0.709655172413793,29.9241379310345,0.000591394729263438
0.713793103448276,29.9241379310345,0.000787376671526917
0.717931034482759,29.9241379310345,0.00104580193283458
0.722068965517241,29.9241379310345,0.00138583207454061
0.726206896551724,29.9241379310345,0.00183287459626403
0.730344827586207,29.9241379310345,0.00242136196044121
0.73448275862069,29.9241379310345,0.00319926420104896
0.738620689655172,29.9241379310345,0.00423534237088332
0.742758620689655,29.9241379310345,0.00563044923342843
0.746896551724138,29.9241379310345,0.00753440919958499
0.751034482758621,29.9241379310345,0.0101701140400053
0.755172413793104,29.9241379310345,0.0138659964908309
0.759310344827586,29.9241379310345,0.0190949567297831
0.763448275862069,29.9241379310345,0.0265103525296248
0.767586206896552,29.9241379310345,0.0369660596144868
0.771724137931035,29.9241379310345,0.0515173788374588
0.775862068965517,29.9241379310345,0.0714024260521301
0.78,29.9241379310345,0.0979859165252104
0.66,30.1931034482759,1.15901401276195e-05
0.664137931034483,30.1931034482759,1.54446016147335e-05
0.668275862068965,30.1931034482759,2.06027398547906e-05
0.672413793103448,30.1931034482759,2.75104032626381e-05
0.676551724137931,30.1931034482759,3.67649979313594e-05
0.680689655172414,30.1931034482759,4.91650123454211e-05
0.684827586206897,30.1931034482759,6.57743116063474e-05
0.688965517241379,30.1931034482759,8.80050366147063e-05
0.693103448275862,30.1931034482759,0.000117723962567664
0.697241379310345,30.1931034482759,0.000157388720911104
0.701379310344828,30.1931034482759,0.000210222795494312
0.70551724137931,30.1931034482759,0.000280442415080278
0.709655172413793,30.1931034482759,0.000373555730660108
0.713793103448276,30.1931034482759,0.000496767442604237
0.717931034482759,30.1931034482759,0.000659544586186624
0.722068965517241,30.1931034482759,0.000874438106091404
0.726206896551724,30.1931034482759,0.00115831879167616
0.730344827586207,30.1931034482759,0.00153428372053023
0.73448275862069,30.1931034482759,0.00203462526154276
0.738620689655172,30.1931034482759,0.00270542564825352
0.742758620689655,30.1931034482759,0.0036135339021837
0.746896551724138,30.1931034482759,0.00485687618112115
0.751034482758621,30.1931034482759,0.0065791786166755
0.755172413793104,30.1931034482759,0.00898999654967679
0.759310344827586,30.1931034482759,0.0123899003099432
0.763448275862069,30.1931034482759,0.0171985998917391
0.767586206896552,30.1931034482759,0.0239824812228697
0.771724137931035,30.1931034482759,0.0334790308103807
0.775862068965517,30.1931034482759,0.0466149171315702
0.78,30.1931034482759,0.0645080812884097
0.66,30.4620689655172,7.51381534324369e-06
0.664137931034483,30.4620689655172,1.00006239844338e-05
0.668275862068965,30.4620689655172,1.33221190530106e-05
0.672413793103448,30.4620689655172,1.77607504642687e-05
0.676551724137931,30.4620689655172,2.36938784701943e-05
0.680689655172414,30.4620689655172,3.1624609216229e-05
0.684827586206897,30.4620689655172,4.22219933416188e-05
0.688965517241379,30.4620689655172,5.63732327744587e-05
0.693103448275862,30.4620689655172,7.5251371211012e-05
0.697241379310345,30.4620689655172,0.00010040319895341
0.701379310344828,30.4620689655172,0.000133864082972789
0.70551724137931,30.4620689655172,0.000178309646551343
0.709655172413793,30.4620689655172,0.000237259526717737
0.713793103448276,30.4620689655172,0.000315357250176813
0.717931034482759,30.4620689655172,0.000418764823365048
0.722068965517241,30.4620689655172,0.000555734156650938
0.726206896551724,30.4620689655172,0.000737454046546516
0.730344827586207,30.4620689655172,0.000979325519785408
0.73448275862069,30.4620689655172,0.00130289352598146
0.738620689655172,30.4620689655172,0.0017387609500779
0.742758620689655,30.4620689655172,0.00233093031999766
0.746896551724138,30.4620689655172,0.00314315156848051
0.751034482758621,30.4620689655172,0.00426797418691213
0.755172413793104,30.4620689655172,0.00583923602167693
0.759310344827586,30.4620689655172,0.00804848901458311
0.763448275862069,30.4620689655172,0.0111650193386299
0.767586206896552,30.4620689655172,0.0155583989282701
0.771724137931035,30.4620689655172,0.0217236797301536
0.775862068965517,30.4620689655172,0.0303082676753913
0.78,30.4620689655172,0.0421357246992133
0.66,30.7310344827586,4.874064916036e-06
0.664137931034483,30.7310344827586,6.48017389932249e-06
0.668275862068965,30.7310344827586,8.62182642651721e-06
0.672413793103448,30.7310344827586,1.14787129194817e-05
0.676551724137931,30.7310344827586,1.52904191704738e-05
0.680689655172414,30.7310344827586,2.03758651527201e-05
0.684827586206897,30.7310344827586,2.71587714071427e-05
0.688965517241379,30.7310344827586,3.6200976413786e-05
0.693103448275862,30.7310344827586,4.82460589860611e-05
0.697241379310345,30.7310344827586,6.4276664512025e-05
0.701379310344828,30.7310344827586,8.55903921015611e-05
0.70551724137931,30.7310344827586,0.000113901395270916
0.709655172413793,30.7310344827586,0.000151478499937667
0.713793103448276,30.7310344827586,0.000201336457698735
0.717931034482759,30.7310344827586,0.000267506132770042
0.722068965517241,30.7310344827586,0.000355423645366648
0.726206896551724,30.7310344827586,0.000472499906489025
0.730344827586207,30.7310344827586,0.000628963040153738
0.73448275862069,30.7310344827586,0.000839109382533447
0.738620689655172,30.7310344827586,0.00112315615697322
0.742758620689655,30.7310344827586,0.00150996155866342
0.746896551724138,30.7310344827586,0.00204096446627642
0.751034482758621,30.7310344827586,0.00277579149311882
0.755172413793104,30.7310344827586,0.00380008440290207
0.759310344827586,30.7310344827586,0.00523624949646766
0.763448275862069,30.7310344827586,0.00725735431476571
0.767586206896552,30.7310344827586,0.01010253291737
0.771724137931035,30.7310344827586,0.0140970422856585
0.775862068965517,30.7310344827586,0.0196768605824442
0.78,30.7310344827586,0.0274149226309347
0.66,31,3.16424791765078e-06
0.664137931034483,31,4.20292656584364e-06
0.668275862068965,31,5.58604185555731e-06
0.672413793103448,31,7.42840719293304e-06
0.676551724137931,31,9.88291046709143e-06
0.680689655172414,31,1.31528996954471e-05
0.684827586206897,31,1.75084922998252e-05
0.688965517241379,31,2.33080598628042e-05
0.693103448275862,31,3.10265982206836e-05
0.697241379310345,31,4.12933719885043e-05
0.701379310344828,31,5.4942251234503e-05
0.70551724137931,31,7.30797370296637e-05
0.709655172413793,31,9.71781114902306e-05
0.713793103448276,31,0.000129204910846542
0.717931034482759,31,0.000171805677533215
0.722068965517241,31,0.000228565621446932
0.726206896551724,31,0.000304388606132416
0.730344827586207,31,0.000406050219876402
0.73448275862069,31,0.000543007220633244
0.738620689655172,31,0.000728580018301246
0.742758620689655,31,0.000981669517772026
0.746896551724138,31,0.00132922549103615
0.751034482758621,31,0.00180975157380084
0.755172413793104,31,0.00247821974995535
0.759310344827586,31,0.00341295035214564
0.763448275862069,31,0.0047255530874064
0.767586206896552,31,0.00656988007413391
0.771724137931035,31,0.0091573817251298
0.775862068965517,31,0.0127759120415088
0.78,31,0.0178114152292847
