"TL","HL",".fit"
153,0.66,0.606446905014764
153.48275862069,0.66,0.53361558327116
153.965517241379,0.66,0.45932253598935
154.448275862069,0.66,0.386794634999524
154.931034482759,0.66,0.318962955010522
155.413793103448,0.66,0.258021484798623
155.896551724138,0.66,0.205215060856572
156.379310344828,0.66,0.160872770415426
156.862068965517,0.66,0.124609645774115
157.344827586207,0.66,0.0955896049829026
157.827586206897,0.66,0.0727661891293836
158.310344827586,0.66,0.0550604402163539
158.793103448276,0.66,0.0414702398637672
159.275862068966,0.66,0.0311239340720028
159.758620689655,0.66,0.0232961671599183
160.241379310345,0.66,0.0174017488817126
160.724137931034,0.66,0.0129789233592641
161.206896551724,0.66,0.00966914080443884
161.689655172414,0.66,0.00719723824981801
162.172413793103,0.66,0.00535385782837729
162.655172413793,0.66,0.003980717026861
163.137931034483,0.66,0.00295870750279043
163.620689655172,0.66,0.00219850959403721
164.103448275862,0.66,0.00163331378833049
164.586206896552,0.66,0.00121324261409342
165.068965517241,0.66,0.000901111832748825
165.551724137931,0.66,0.000669229099886386
166.034482758621,0.66,0.000496986976420433
166.51724137931,0.66,0.000369059116868674
167,0.66,0.000274051740077337
153,0.664137931034483,0.665497604751809
153.48275862069,0.664137931034483,0.596320079467859
153.965517241379,0.664137931034483,0.523088452463578
154.448275862069,0.664137931034483,0.448850500729763
154.931034482759,0.664137931034483,0.376823710551314
155.413793103448,0.664137931034483,0.309857046552662
155.896551724138,0.664137931034483,0.250016675951823
156.379310344828,0.664137931034483,0.198410441830087
156.862068965517,0.664137931034483,0.155251274810642
157.344827586207,0.664137931034483,0.120074001171345
157.827586206897,0.664137931034483,0.0919992490136971
158.310344827586,0.664137931034483,0.0699667682292967
158.793103448276,0.664137931034483,0.0529033234691467
159.275862068966,0.664137931034483,0.0398231126934109
159.758620689655,0.664137931034483,0.0298749371738359
160.241379310345,0.664137931034483,0.0223540494423274
160.724137931034,0.664137931034483,0.0166939322464359
161.206896551724,0.664137931034483,0.0124487259296385
161.689655172414,0.664137931034483,0.00927287970396664
162.172413793103,0.664137931034483,0.00690157461086938
162.655172413793,0.664137931034483,0.00513352885174684
163.137931034483,0.664137931034483,0.00381668041753659
163.620689655172,0.664137931034483,0.00283666566650671
164.103448275862,0.664137931034483,0.00210775835696426
164.586206896552,0.664137931034483,0.00156585637385342
165.068965517241,0.664137931034483,0.00116311432082657
165.551724137931,0.664137931034483,0.000863868884075481
166.034482758621,0.664137931034483,0.000641563711057095
166.51724137931,0.664137931034483,0.000476438545171492
167,0.664137931034483,0.000353798123159061
153,0.668275862068965,0.719782066179886
153.48275862069,0.668275862068965,0.656028434704177
153.965517241379,0.668275862068965,0.58611052127465
154.448275862069,0.668275862068965,0.512540776324991
154.931034482759,0.668275862068965,0.438423629053691
155.413793103448,0.668275862068965,0.366956020378281
155.896551724138,0.668275862068965,0.300896262674334
156.379310344828,0.668275862068965,0.242179170278339
156.862068965517,0.668275862068965,0.191777023011877
157.344827586207,0.668275862068965,0.149791158793282
157.827586206897,0.668275862068965,0.115681639762239
158.310344827586,0.668275862068965,0.0885305528917247
158.793103448276,0.668275862068965,0.0672672364499805
159.275862068966,0.668275862068965,0.0508261736920812
159.758620689655,0.668275862068965,0.0382387980551833
160.241379310345,0.668275862068965,0.0286745792476111
160.724137931034,0.668275862068965,0.0214491949345922
161.206896551724,0.668275862068965,0.0160144364133055
161.689655172414,0.668275862068965,0.011939924882609
162.172413793103,0.668275862068965,0.00889271186762682
162.655172413793,0.668275862068965,0.00661797548962483
163.137931034483,0.668275862068965,0.00492222193701643
163.620689655172,0.668275862068965,0.00365937831583257
164.103448275862,0.668275862068965,0.00271964395137885
164.586206896552,0.668275862068965,0.00202074549323017
165.068965517241,0.668275862068965,0.00150118074826676
165.551724137931,0.668275862068965,0.00111505484726291
166.034482758621,0.668275862068965,0.000828163879361026
166.51724137931,0.668275862068965,0.000615041264134822
167,0.668275862068965,0.000456739310139497
153,0.672413793103448,0.76832382840829
153.48275862069,0.672413793103448,0.711182695375348
153.965517241379,0.672413793103448,0.646433626300712
154.448275862069,0.672413793103448,0.575826426205257
154.931034482759,0.672413793103448,0.501981924420313
155.413793103448,0.672413793103448,0.428050862628363
155.896551724138,0.672413793103448,0.357198625019735
156.379310344828,0.672413793103448,0.292084949112672
156.862068965517,0.672413793103448,0.234510533969431
157.344827586207,0.672413793103448,0.185314112824537
157.827586206897,0.672413793103448,0.144490233812469
158.310344827586,0.672413793103448,0.111429612366005
158.793103448276,0.672413793103448,0.0851803745083948
159.275862068966,0.672413793103448,0.0646646212222829
159.758620689655,0.672413793103448,0.0488263754481543
160.241379310345,0.672413793103448,0.0367151029254244
160.724137931034,0.672413793103448,0.0275210818582341
161.206896551724,0.672413793103448,0.020580195251575
161.689655172414,0.672413793103448,0.0153621649945412
162.172413793103,0.672413793103448,0.0114516772967667
162.655172413793,0.672413793103448,0.00852799514189183
163.137931034483,0.672413793103448,0.00634595495838321
163.620689655172,0.672413793103448,0.00471957118935807
164.103448275862,0.672413793103448,0.00350853621092808
164.586206896552,0.672413793103448,0.00260743695893517
165.068965517241,0.672413793103448,0.00193731762099054
165.551724137931,0.672413793103448,0.00143917254136426
166.034482758621,0.672413793103448,0.00106897900537217
166.51724137931,0.672413793103448,0.000793933418067851
167,0.672413793103448,0.000589614602065508
153,0.676551724137931,0.810668622732365
153.48275862069,0.676551724137931,0.760718904324224
153.965517241379,0.676551724137931,0.702428526351223
154.448275862069,0.676551724137931,0.636719383174477
154.931034482759,0.676551724137931,0.565476237006589
155.413793103448,0.676551724137931,0.491421298027316
155.896551724138,0.676551724137931,0.417740946349125
156.379310344828,0.676551724137931,0.347558228738354
156.862068965517,0.676551724137931,0.28342705198997
157.344827586207,0.676551724137931,0.22701199050879
157.827586206897,0.676551724137931,0.179020771130125
158.310344827586,0.676551724137931,0.139346164502554
158.793103448276,0.676551724137931,0.107314911888186
159.275862068966,0.676551724137931,0.081945576926812
159.758620689655,0.676551724137931,0.0621559917085884
160.241379310345,0.676551724137931,0.046901370958311
160.724137931034,0.676551724137931,0.0352498945713335
161.206896551724,0.676551724137931,0.0264127222586436
161.689655172414,0.676551724137931,0.0197456899628462
162.172413793103,0.676551724137931,0.0147360611165482
162.655172413793,0.676551724137931,0.0109831718650518
163.137931034483,0.676551724137931,0.00817811215255877
163.620689655172,0.676551724137931,0.00608504622394644
164.103448275862,0.676551724137931,0.00452522532727117
164.586206896552,0.676551724137931,0.00336389066316461
165.068965517241,0.676551724137931,0.00249984763115027
165.551724137931,0.676551724137931,0.00185732761718131
166.034482758621,0.676551724137931,0.00137972206664379
166.51724137931,0.676551724137931,0.00102480510502902
167,0.676551724137931,0.000761116707999304
153,0.680689655172414,0.846816876452554
153.48275862069,0.680689655172414,0.804099284637258
153.965517241379,0.680689655172414,0.752944608561068
154.448275862069,0.680689655172414,0.693523350127714
154.931034482759,0.680689655172414,0.626892272728305
155.413793103448,0.680689655172414,0.555068618819989
155.896551724138,0.680689655172414,0.480868304920245
156.379310344828,0.680689655172414,0.407502416508089
156.862068965517,0.680689655172414,0.338041188264504
157.344827586207,0.680689655172414,0.274926140014406
157.827586206897,0.680689655172414,0.219684424333267
158.310344827586,0.680689655172414,0.17289580605526
158.793103448276,0.680689655172414,0.134356472380438
159.275862068966,0.680689655172414,0.103334480668453
159.758620689655,0.680689655172414,0.0788230347298319
160.241379310345,0.680689655172414,0.059738462496993
160.724137931034,0.680689655172414,0.0450486614807455
161.206896551724,0.680689655172414,0.0338411004682443
161.689655172414,0.680689655172414,0.0253478325757011
162.172413793103,0.680689655172414,0.0189443655221383
162.655172413793,0.680689655172414,0.0141351063528802
163.137931034483,0.680689655172414,0.0105336279438356
163.620689655172,0.680689655172414,0.00784246949211854
164.103448275862,0.680689655172414,0.00583480094412809
164.586206896552,0.680689655172414,0.00433884712294886
165.068965517241,0.680689655172414,0.00322518886217219
165.551724137931,0.680689655172414,0.00239668691146923
166.034482758621,0.680689655172414,0.00178063436149845
166.51724137931,0.680689655172414,0.00132272412913171
167,0.680689655172414,0.000982454810055368
153,0.684827586206897,0.877109710930111
153.48275862069,0.684827586206897,0.841256181976871
153.965517241379,0.684827586206897,0.797358971334733
154.448275862069,0.684827586206897,0.745002371490593
154.931034482759,0.684827586206897,0.684471355524563
155.413793103448,0.684827586206897,0.616959216697993
155.896551724138,0.684827586206897,0.544612441910062
156.379310344828,0.684827586206897,0.470332341465288
156.862068965517,0.684827586206897,0.397343589579121
157.344827586207,0.684827586206897,0.328653505360409
157.827586206897,0.684827586206897,0.266585359578101
158.310344827586,0.684827586206897,0.21252834961893
158.793103448276,0.684827586206897,0.166937779748385
159.275862068966,0.684827586206897,0.129518552560135
159.758620689655,0.684827586206897,0.0994852240338012
160.241379310345,0.684827586206897,0.0758096420861018
160.724137931034,0.684827586206897,0.0574091974192972
161.206896551724,0.684827586206897,0.0432658084899447
161.689655172414,0.684827586206897,0.0324867080706788
162.172413793103,0.684827586206897,0.0243247989576799
162.655172413793,0.684827586206897,0.0181749542348496
163.137931034483,0.684827586206897,0.0135583197374435
163.620689655172,0.684827586206897,0.010102294650666
164.103448275862,0.684827586206897,0.00752049688499528
164.586206896552,0.684827586206897,0.00559478850699844
165.068965517241,0.684827586206897,0.00416011283029454
165.551724137931,0.684827586206897,0.00309218819277296
166.034482758621,0.684827586206897,0.00229777341921179
166.51724137931,0.684827586206897,0.00170710249202836
167,0.684827586206897,0.00126807784166633
153,0.688965517241379,0.90210448581092
153.48275862069,0.688965517241379,0.872483071251274
153.965517241379,0.688965517241379,0.83553281215122
154.448275862069,0.688965517241379,0.790447146476973
154.931034482759,0.688965517241379,0.736893983048291
155.413793103448,0.688965517241379,0.67527713695328
155.896551724138,0.688965517241379,0.606927486698454
156.379310344828,0.688965517241379,0.53411676042464
156.862068965517,0.688965517241379,0.459822746141185
157.344827586207,0.688965517241379,0.387272481466663
157.827586206897,0.688965517241379,0.319400718233913
158.310344827586,0.688965517241379,0.258407416740819
158.793103448276,0.688965517241379,0.205543951451869
159.275862068966,0.688965517241379,0.1611450432384
159.758620689655,0.688965517241379,0.12482969544196
160.241379310345,0.688965517241379,0.0957640228686719
160.724137931034,0.688965517241379,0.0729023193743501
161.206896551724,0.688965517241379,0.0551654124284375
161.689655172414,0.688965517241379,0.0415504344247515
162.172413793103,0.688965517241379,0.0311847645122487
162.655172413793,0.688965517241379,0.0233420608287124
163.137931034483,0.688965517241379,0.017436233447787
163.620689655172,0.688965517241379,0.0130047568760296
164.103448275862,0.688965517241379,0.00968844977434146
164.586206896552,0.688965517241379,0.00721164620355578
165.068965517241,0.688965517241379,0.00536459528896465
165.551724137931,0.688965517241379,0.00398871164244679
166.034482758621,0.688965517241379,0.00296465583037001
166.51724137931,0.688965517241379,0.00220293314315753
167,0.688965517241379,0.00163660217231421
153,0.693103448275862,0.922464924843292
153.48275862069,0.693103448275862,0.89830974326343
153.965517241379,0.693103448275862,0.867708482818946
154.448275862069,0.693103448275862,0.829644823032233
154.931034482759,0.693103448275862,0.783363560159055
155.413793103448,0.693103448275862,0.728621623454709
155.896551724138,0.693103448275862,0.665945712472939
156.379310344828,0.693103448275862,0.596804695635466
156.862068965517,0.693103448275862,0.523590758637207
157.344827586207,0.693103448275862,0.449348728493435
157.827586206897,0.693103448275862,0.377296783374657
158.310344827586,0.693103448275862,0.310287981639444
158.793103448276,0.693103448275862,0.250394648709883
159.275862068966,0.693103448275862,0.198731117068424
159.758620689655,0.693103448275862,0.155515755787198
160.241379310345,0.693103448275862,0.120287100502653
160.724137931034,0.693103448275862,0.0921677425147328
161.206896551724,0.693103448275862,0.0700980179838018
161.689655172414,0.693103448275862,0.0530043777243733
162.172413793103,0.693103448275862,0.0399002234288491
162.655172413793,0.693103448275862,0.0299333766810136
163.137931034483,0.693103448275862,0.0223981107424951
163.620689655172,0.693103448275862,0.0167270245585414
164.103448275862,0.693103448275862,0.0124735080278375
164.586206896552,0.693103448275862,0.00929139836569324
165.068965517241,0.693103448275862,0.00691539059075746
165.551724137931,0.693103448275862,0.00514382403128676
166.034482758621,0.693103448275862,0.00382434520796323
166.51724137931,0.693103448275862,0.00284236836169489
167,0.693103448275862,0.00211199914696235
153,0.697241379310345,0.938877675080852
153.48275862069,0.697241379310345,0.919388873458655
153.965517241379,0.697241379310345,0.894385091910985
154.448275862069,0.697241379310345,0.862783190913444
154.931034482759,0.697241379310345,0.823590499657561
155.413793103448,0.697241379310345,0.776108300644908
155.896551724138,0.697241379310345,0.720187890602029
156.379310344828,0.697241379310345,0.656482505419509
156.862068965517,0.697241379310345,0.586598730933319
157.344827586207,0.697241379310345,0.513043697569867
157.827586206897,0.697241379310345,0.438919363152803
158.310344827586,0.697241379310345,0.367423885334621
158.793103448276,0.697241379310345,0.301320060886299
159.275862068966,0.697241379310345,0.24254901576232
159.758620689655,0.697241379310345,0.192089443544034
160.241379310345,0.697241379310345,0.150047897233221
160.724137931034,0.697241379310345,0.115887887053646
161.206896551724,0.697241379310345,0.0886932395335348
161.689655172414,0.697241379310345,0.0673937241427628
162.172413793103,0.697241379310345,0.050923420135477
162.655172413793,0.697241379310345,0.0383129220902753
163.137931034483,0.697241379310345,0.0287307099892621
163.620689655172,0.697241379310345,0.0214914906962348
164.103448275862,0.697241379310345,0.0160461892804309
164.586206896552,0.697241379310345,0.0119636968699642
165.068965517241,0.697241379310345,0.0089104720984409
165.551724137931,0.697241379310345,0.0066312238248928
166.034482758621,0.697241379310345,0.00493209326293366
166.51724137931,0.697241379310345,0.00366672715749861
167,0.697241379310345,0.00272511140959521
153,0.701379310344828,0.951996932089383
153.48275862069,0.701379310344828,0.936407864848156
153.965517241379,0.701379310344828,0.916201845828145
154.448275862069,0.701379310344828,0.89032743244768
154.931034482759,0.701379310344828,0.85770456405782
155.413793103448,0.701379310344828,0.817368337251674
155.896551724138,0.701379310344828,0.768681767327114
156.379310344828,0.701379310344828,0.711595752420624
156.862068965517,0.701379310344828,0.646893297845479
157.344827586207,0.701379310344828,0.576317743281928
157.827586206897,0.701379310344828,0.502484912904924
158.310344827586,0.701379310344828,0.428543575828772
158.793103448276,0.701379310344828,0.357660849241032
159.275862068966,0.701379310344828,0.292501316998713
159.758620689655,0.701379310344828,0.234872104557597
160.241379310345,0.701379310344828,0.185618249006394
160.724137931034,0.701379310344828,0.144739279600986
161.206896551724,0.701379310344828,0.111629101641042
161.689655172414,0.701379310344828,0.0853373684528553
162.172413793103,0.701379310344828,0.0647864659248804
162.655172413793,0.701379310344828,0.0489199260552805
163.137931034483,0.701379310344828,0.0367863385378287
163.620689655172,0.701379310344828,0.0275749859957164
164.103448275862,0.701379310344828,0.0206207920731404
164.586206896552,0.701379310344828,0.0153926313143959
165.068965517241,0.701379310344828,0.0114744802567657
165.551724137931,0.701379310344828,0.00854502840657156
166.034482758621,0.701379310344828,0.00635865954892535
166.51724137931,0.701379310344828,0.00472903669788696
167,0.701379310344828,0.00351558262157325
153,0.70551724137931,0.962413005493153
153.48275862069,0.70551724137931,0.950029014580529
153.965517241379,0.70551724137931,0.933845267710459
154.448275862069,0.70551724137931,0.912900728776373
154.931034482759,0.70551724137931,0.886133698058017
155.413793103448,0.70551724137931,0.852470074747111
155.896551724138,0.70551724137931,0.81097703625452
156.379310344828,0.70551724137931,0.761084665908729
156.862068965517,0.70551724137931,0.702848555362808
157.344827586207,0.70551724137931,0.637184246241968
157.827586206897,0.70551724137931,0.565970137579391
158.310344827586,0.70551724137931,0.491923781659017
158.793103448276,0.70551724137931,0.418230100008361
159.275862068966,0.70551724137931,0.348014380859853
159.758620689655,0.70551724137931,0.283835702814439
160.241379310345,0.70551724137931,0.227365136958313
160.724137931034,0.70551724137931,0.179316586314281
161.206896551724,0.70551724137931,0.139587562374516
161.689655172414,0.70551724137931,0.107507740527857
162.172413793103,0.70551724137931,0.0820970016723423
162.655172413793,0.70551724137931,0.0622733197705641
163.137931034483,0.70551724137931,0.0469913425979648
163.620689655172,0.70551724137931,0.0353183433269134
164.103448275862,0.70551724137931,0.0264644842917946
164.586206896552,0.70551724137931,0.019784655740302
165.068965517241,0.70551724137931,0.014765293865307
165.551724137931,0.70551724137931,0.011005046518247
166.034482758621,0.70551724137931,0.00819444948023632
166.51724137931,0.70551724137931,0.00609723055914649
167,0.70551724137931,0.00453430261180068
153,0.709655172413793,0.97063862247913
153.48275862069,0.709655172413793,0.960854535201757
153.965517241379,0.709655172413793,0.947984813522674
154.448275862069,0.709655172413793,0.931186972998179
154.931034482759,0.709655172413793,0.909482390166529
155.413793103448,0.709655172413793,0.881800855623958
155.896551724138,0.709655172413793,0.847077312500088
156.379310344828,0.709655172413793,0.804415518554442
156.862068965517,0.709655172413793,0.75331803224578
157.344827586207,0.709655172413793,0.693950043115824
157.827586206897,0.709655172413793,0.627361873907458
158.310344827586,0.709655172413793,0.555564535688833
158.793103448276,0.709655172413793,0.481369674667334
159.275862068966,0.709655172413793,0.40798744980914
159.758620689655,0.709655172413793,0.338490822961681
160.241379310345,0.709655172413793,0.27532676349293
160.724137931034,0.709655172413793,0.220028984631388
161.206896551724,0.709655172413793,0.173183272058633
161.689655172414,0.709655172413793,0.134590289190891
162.172413793103,0.709655172413793,0.103520769018931
162.655172413793,0.709655172413793,0.0789690285429876
163.137931034483,0.709655172413793,0.059851411863187
163.620689655172,0.709655172413793,0.0451351795175008
164.103448275862,0.709655172413793,0.0339068691200244
164.586206896552,0.709655172413793,0.0253975393374619
165.068965517241,0.709655172413793,0.0189817686912613
165.551724137931,0.709655172413793,0.014163158443709
166.034482758621,0.709655172413793,0.0105546147006087
166.51724137931,0.709655172413793,0.00785814160456336
167,0.709655172413793,0.00584648788745538
153,0.713793103448276,0.977106944543015
153.48275862069,0.713793103448276,0.96941036467164
153.965517241379,0.713793103448276,0.959234170804562
154.448275862069,0.713793103448276,0.945861737206527
154.931034482759,0.713793103448276,0.928430023064228
155.413793103448,0.713793103448276,0.905943682437644
155.896551724138,0.713793103448276,0.877325914397047
156.379310344828,0.713793103448276,0.841523996046426
156.862068965517,0.713793103448276,0.797682954146377
157.344827586207,0.713793103448276,0.745383259693616
157.827586206897,0.713793103448276,0.68490436157999
158.310344827586,0.713793103448276,0.617433048960658
158.793103448276,0.713793103448276,0.545109761767483
159.275862068966,0.713793103448276,0.470831954377512
159.758620689655,0.713793103448276,0.397823905846646
160.241379310345,0.713793103448276,0.329096136312517
160.724137931034,0.713793103448276,0.266977651763155
161.206896551724,0.713793103448276,0.212864202711963
161.689655172414,0.713793103448276,0.167216913407933
162.172413793103,0.713793103448276,0.12974489380547
162.655172413793,0.713793103448276,0.0996651208766465
163.137931034483,0.713793103448276,0.0759503692879062
163.620689655172,0.713793103448276,0.057517923417501
164.103448275862,0.713793103448276,0.0433490078748008
164.586206896552,0.713793103448276,0.0325499079620939
165.068965517241,0.713793103448276,0.0243725391431628
165.551724137931,0.713793103448276,0.0182108638222317
166.034482758621,0.713793103448276,0.0135852441324147
166.51724137931,0.713793103448276,0.010122433532282
167,0.713793103448276,0.00753553299989903
153,0.717931034482759,0.982176457350216
153.48275862069,0.717931034482759,0.97614261717664
153.965517241379,0.717931034482759,0.968132403048751
154.448275862069,0.717931034482759,0.957549683369857
154.931034482759,0.717931034482759,0.943657134598612
155.413793103448,0.717931034482759,0.92557141630112
155.896551724138,0.717931034482759,0.90228145108344
156.379310344828,0.717931034482759,0.872705944658412
156.862068965517,0.717931034482759,0.835808012145174
157.344827586207,0.717931034482759,0.790778794183677
157.827586206897,0.717931034482759,0.737282116229533
158.310344827586,0.717931034482759,0.675716075643935
158.793103448276,0.717931034482759,0.607405021371018
159.275862068966,0.717931034482759,0.534614847831988
159.758620689655,0.717931034482759,0.460319946031673
160.241379310345,0.717931034482759,0.38774751770804
160.724137931034,0.717931034482759,0.319835970165404
161.206896551724,0.717931034482759,0.258791201213963
161.689655172414,0.717931034482759,0.205871087636535
162.172413793103,0.717931034482759,0.161415953526755
162.655172413793,0.717931034482759,0.12504873642415
163.137931034483,0.717931034482759,0.09593772847199
163.620689655172,0.717931034482759,0.0730379713136629
164.103448275862,0.717931034482759,0.0552700841969486
164.586206896552,0.717931034482759,0.0416304566628076
165.068965517241,0.717931034482759,0.0312455090281361
165.551724137931,0.717931034482759,0.0233879225254794
166.034482758621,0.717931034482759,0.0174707161711792
166.51724137931,0.717931034482759,0.0130306027974986
167,0.717931034482759,0.00970777668992969
153,0.722068965517241,0.986139284434991
153.48275862069,0.722068965517241,0.981421610507689
153.965517241379,0.722068965517241,0.975138695518639
154.448275862069,0.722068965517241,0.96680286879958
154.931034482759,0.722068965517241,0.955798782230522
155.413793103448,0.722068965517241,0.941368296892781
155.896551724138,0.722068965517241,0.92260811216174
156.379310344828,0.722068965517241,0.898492544827163
156.862068965517,0.722068965517241,0.867938096999161
157.344827586207,0.722068965517241,0.829927427154888
157.827586206897,0.722068965517241,0.783702784011423
158.310344827586,0.722068965517241,0.72901676490836
158.793103448276,0.722068965517241,0.666390176500017
159.275862068966,0.722068965517241,0.597285370511444
159.758620689655,0.722068965517241,0.524088987506813
160.241379310345,0.722068965517241,0.449842948708189
160.724137931034,0.722068965517241,0.377766126153319
161.206896551724,0.722068965517241,0.310715631510828
161.689655172414,0.722068965517241,0.250769885726834
162.172413793103,0.722068965517241,0.199049639927373
162.655172413793,0.722068965517241,0.155778634433793
163.137931034483,0.722068965517241,0.120499070247193
163.620689655172,0.722068965517241,0.0923354840610575
164.103448275862,0.722068965517241,0.0702288029542207
164.586206896552,0.722068965517241,0.0531051723690062
165.068965517241,0.722068965517241,0.039977210235499
165.551724137931,0.722068965517241,0.0299917744146997
166.034482758621,0.722068965517241,0.0224421746169312
166.51724137931,0.722068965517241,0.0167601395916127
167,0.722068965517241,0.0124983196531345
153,0.726206896551724,0.989230690261996
153.48275862069,0.726206896551724,0.985549796757387
153.965517241379,0.726206896551724,0.980635420219083
154.448275862069,0.726206896551724,0.974093642078633
154.931034482759,0.726206896551724,0.965419834735268
155.413793103448,0.726206896551724,0.953979115390245
155.896551724138,0.726206896551724,0.938992460468607
156.379310344828,0.726206896551724,0.919537039569549
156.862068965517,0.726206896551724,0.894573835964917
157.344827586207,0.726206896551724,0.863019622115542
157.827586206897,0.726206896551724,0.823880508472698
158.310344827586,0.726206896551724,0.776454983478582
158.793103448276,0.726206896551724,0.720589771126753
159.275862068966,0.726206896551724,0.656932077860369
159.758620689655,0.726206896551724,0.587082048577779
160.241379310345,0.726206896551724,0.513541583124346
160.724137931034,0.726206896551724,0.439410214767732
161.206896551724,0.726206896551724,0.367887302195706
161.689655172414,0.726206896551724,0.301740056026703
162.172413793103,0.726206896551724,0.242915809267972
162.655172413793,0.726206896551724,0.192399564167031
163.137931034483,0.726206896551724,0.150303007445328
163.620689655172,0.726206896551724,0.116093056938823
164.103448275862,0.726206896551724,0.0888552721441743
164.586206896552,0.726206896551724,0.0675198602540855
165.068965517241,0.726206896551724,0.051020510715901
165.551724137931,0.726206896551724,0.0383870040290247
166.034482758621,0.726206896551724,0.0287868578265951
166.51724137931,0.726206896551724,0.0215338293018806
167,0.726206896551724,0.0160779918261345
153,0.730344827586207,0.991638455057231
153.48275862069,0.730344827586207,0.988771180387714
153.965517241379,0.730344827586207,0.984935618274775
154.448275862069,0.730344827586207,0.979816639340182
154.931034482759,0.730344827586207,0.973005867179946
155.413793103448,0.730344827586207,0.963981315191022
155.896551724138,0.730344827586207,0.952088272018819
156.379310344828,0.730344827586207,0.936526814598054
156.862068965517,0.730344827586207,0.916355110373097
157.344827586207,0.730344827586207,0.89052222631985
157.827586206897,0.730344827586207,0.85794787752902
158.310344827586,0.730344827586207,0.817665738690482
158.793103448276,0.730344827586207,0.769035793334117
159.275862068966,0.730344827586207,0.712004150987717
159.758620689655,0.730344827586207,0.647347682047327
160.241379310345,0.730344827586207,0.57680338836983
160.724137931034,0.730344827586207,0.502982184998906
161.206896551724,0.730344827586207,0.429030899529612
161.689655172414,0.730344827586207,0.358118333331747
162.172413793103,0.730344827586207,0.292913795815013
162.655172413793,0.730344827586207,0.235230704591103
163.137931034483,0.730344827586207,0.185920274764606
163.620689655172,0.730344827586207,0.144986941582524
164.103448275862,0.730344827586207,0.111827773117401
164.586206896552,0.730344827586207,0.0854939491225486
165.068965517241,0.730344827586207,0.0649081545987236
165.551724137931,0.730344827586207,0.0490134627211541
166.034482758621,0.730344827586207,0.0368576299012074
166.51724137931,0.730344827586207,0.027628972181128
167,0.730344827586207,0.0206614732689317
153,0.73448275862069,0.993511431777116
153.48275862069,0.73448275862069,0.99128077526282
153.965517241379,0.73448275862069,0.988292294011756
154.448275862069,0.73448275862069,0.984295747921309
154.931034482759,0.73448275862069,0.978963975754991
155.413793103448,0.73448275862069,0.971873728533618
155.896551724138,0.73448275862069,0.96248526700652
156.379310344828,0.73448275862069,0.950123784523433
156.862068965517,0.73448275862069,0.933968502082503
157.344827586207,0.73448275862069,0.913059215610962
157.827586206897,0.73448275862069,0.886334652310589
158.310344827586,0.73448275862069,0.852720345858556
158.793103448276,0.73448275862069,0.811281857485089
159.275862068966,0.73448275862069,0.761446009113741
159.758620689655,0.73448275862069,0.703263398262915
160.241379310345,0.73448275862069,0.637643349484272
160.724137931034,0.73448275862069,0.566458031850681
161.206896551724,0.73448275862069,0.492420425415707
161.689655172414,0.73448275862069,0.418713981259781
162.172413793103,0.73448275862069,0.348466120484399
162.655172413793,0.73448275862069,0.284240943595063
163.137931034483,0.73448275862069,0.227715870495247
163.620689655172,0.73448275862069,0.179610860590671
164.103448275862,0.73448275862069,0.1398281011848
164.586206896552,0.73448275862069,0.10770018952206
165.068965517241,0.73448275862069,0.0822483440627445
165.551724137931,0.73448275862069,0.0623907233566804
166.034482758621,0.73448275862069,0.0470814561735379
166.51724137931,0.73448275862069,0.0353869478925827
167,0.73448275862069,0.0265163895935301
153,0.738620689655172,0.994966993702218
153.48275862069,0.738620689655172,0.993233325256086
153.965517241379,0.738620689655172,0.990907934044322
154.448275862069,0.738620689655172,0.987793234229509
154.931034482759,0.738620689655172,0.983629147321409
155.413793103448,0.738620689655172,0.978076092059209
155.896551724138,0.738620689655172,0.970695531143891
156.379310344828,0.738620689655172,0.96092958861706
156.862068965517,0.738620689655172,0.948083127702705
157.344827586207,0.738620689655172,0.931314621628156
157.827586206897,0.738620689655172,0.909646239443746
158.310344827586,0.738620689655172,0.882008115016457
158.793103448276,0.738620689655172,0.847334686504781
159.275862068966,0.738620689655172,0.804727901126254
159.758620689655,0.738620689655172,0.753686823019041
160.241379310345,0.738620689655172,0.694371456595635
160.724137931034,0.738620689655172,0.627825822360215
161.206896551724,0.738620689655172,0.556054826836875
161.689655172414,0.738620689655172,0.481865877043025
162.172413793103,0.738620689655172,0.40846811758137
162.655172413793,0.738620689655172,0.338937099770521
163.137931034483,0.738620689655172,0.275725083852791
163.620689655172,0.738620689655172,0.220372186388291
164.103448275862,0.738620689655172,0.173470110075374
164.586206896552,0.738620689655172,0.134823975589374
165.068965517241,0.738620689655172,0.103707213930952
165.551724137931,0.738620689655172,0.0791153091463911
166.034482758621,0.738620689655172,0.0599646762526145
166.51724137931,0.738620689655172,0.0452219871888242
167,0.738620689655172,0.0339728800692555
153,0.742758620689655,0.996097316696203
153.48275862069,0.742758620689655,0.99475094471835
153.965517241379,0.742758620689655,0.992943382853838
154.448275862069,0.742758620689655,0.990519301431601
154.931034482759,0.742758620689655,0.987273173738683
155.413793103448,0.742758620689655,0.982934739690978
155.896551724138,0.742758620689655,0.977151603842241
156.379310344828,0.742758620689655,0.96946952455856
156.862068965517,0.742758620689655,0.959312119665263
157.344827586207,0.742758620689655,0.945963721983872
157.827586206897,0.742758620689655,0.928562239247646
158.310344827586,0.742758620689655,0.906113078865705
158.793103448276,0.742758620689655,0.877539699759149
159.275862068966,0.742758620689655,0.841788734437247
159.758620689655,0.742758620689655,0.798003196251701
160.241379310345,0.742758620689655,0.745759836531646
160.724137931034,0.742758620689655,0.685332704834539
161.206896551724,0.742758620689655,0.617902206074969
161.689655172414,0.742758620689655,0.545602793849671
162.172413793103,0.742758620689655,0.471328028791457
162.655172413793,0.742758620689655,0.398301670166526
163.137931034483,0.742758620689655,0.32953725316851
163.620689655172,0.742758620689655,0.267369345352464
164.103448275862,0.742758620689655,0.213200135612858
164.586206896552,0.742758620689655,0.167496541989392
165.068965517241,0.742758620689655,0.129971915332328
165.551724137931,0.742758620689655,0.0998457193785465
166.034482758621,0.742758620689655,0.0760917261130926
166.51724137931,0.742758620689655,0.0576271683145151
167,0.742758620689655,0.043432610439056
153,0.746896551724138,0.996974561703575
153.48275862069,0.746896551724138,0.995929590331503
153.965517241379,0.746896551724138,0.994525672375734
154.448275862069,0.746896551724138,0.99264110862683
154.931034482759,0.746896551724138,0.990114222287171
155.413793103448,0.746896551724138,0.986731253280068
155.896551724138,0.746896551724138,0.982211408728163
156.379310344828,0.746896551724138,0.976189079750578
156.862068965517,0.746896551724138,0.968193907218764
157.344827586207,0.746896551724138,0.957630647608145
157.827586206897,0.746896551724138,0.943762945064344
158.310344827586,0.746896551724138,0.925708399326735
158.793103448276,0.746896551724138,0.90245664806547
159.275862068966,0.746896551724138,0.872926574821962
159.758620689655,0.746896551724138,0.836080501756841
160.241379310345,0.746896551724138,0.791107346847869
160.724137931034,0.746896551724138,0.737666959202727
161.206896551724,0.746896551724138,0.67615180862822
161.689655172414,0.746896551724138,0.607879775510165
162.172413793103,0.746896551724138,0.535110927319718
162.655172413793,0.746896551724138,0.460816137747376
163.137931034483,0.746896551724138,0.388222558443983
163.620689655172,0.746896551724138,0.320272062958408
164.103448275862,0.746896551724138,0.259176371043403
164.586206896552,0.746896551724138,0.206199841768009
165.068965517241,0.746896551724138,0.161688458084943
165.551724137931,0.746896551724138,0.125269184750913
166.034482758621,0.746896551724138,0.0961125834368797
166.51724137931,0.746896551724138,0.0731745105156121
167,0.746896551724138,0.0553754093233672
153,0.751034482758621,0.997655084127706
153.48275862069,0.751034482758621,0.996844417803883
153.965517241379,0.751034482758621,0.995754686332948
154.448275862069,0.751034482758621,0.994290787658685
154.931034482759,0.751034482758621,0.992325986534924
155.413793103448,0.751034482758621,0.989692015914907
155.896551724138,0.751034482758621,0.986166581550535
156.379310344828,0.751034482758621,0.981457999139238
156.862068965517,0.751034482758621,0.975187043001873
157.344827586207,0.751034482758621,0.966866826083118
157.827586206897,0.751034482758621,0.955882907373628
158.310344827586,0.751034482758621,0.941478126618303
158.793103448276,0.751034482758621,0.922750117113653
159.275862068966,0.751034482758621,0.89867387467328
159.758620689655,0.751034482758621,0.868165983139123
160.241379310345,0.751034482758621,0.830208148281461
160.724137931034,0.751034482758621,0.78404015943859
161.206896551724,0.751034482758621,0.729410353726482
161.689655172414,0.751034482758621,0.666833691738211
162.172413793103,0.751034482758621,0.597766010598147
162.655172413793,0.751034482758621,0.52458828359028
163.137931034483,0.751034482758621,0.450339287297595
163.620689655172,0.751034482758621,0.378238378217068
164.103448275862,0.751034482758621,0.311146588307706
164.586206896552,0.751034482758621,0.251148424484424
165.068965517241,0.751034482758621,0.199371145729843
165.551724137931,0.751034482758621,0.156043998348408
166.034482758621,0.751034482758621,0.120712981809311
166.51724137931,0.751034482758621,0.0925046663017441
167,0.751034482758621,0.0703606098936413
153,0.755172413793104,0.99818281350867
153.48275862069,0.755172413793104,0.997554142466542
153.965517241379,0.755172413793104,0.996708694221076
154.448275862069,0.755172413793104,0.99557230049337
154.931034482759,0.755172413793104,0.994045885726958
155.413793103448,0.755172413793104,0.99199748011676
155.896551724138,0.755172413793104,0.989251975414363
156.379310344828,0.755172413793104,0.985578234112741
156.862068965517,0.755172413793104,0.980673314726934
157.344827586207,0.755172413793104,0.974143967800883
157.827586206897,0.755172413793104,0.965486372578626
158.310344827586,0.755172413793104,0.954066574888575
158.793103448276,0.755172413793104,0.939106543496855
159.275862068966,0.755172413793104,0.919684375633259
159.758620689655,0.755172413793104,0.894761684729457
160.241379310345,0.755172413793104,0.863255220241472
160.724137931034,0.755172413793104,0.824169952681332
161.206896551724,0.755172413793104,0.776801650997632
161.689655172414,0.755172413793104,0.720992505715983
162.172413793103,0.755172413793104,0.657383661907155
162.655172413793,0.755172413793104,0.587568680941304
163.137931034483,0.755172413793104,0.514043983692367
163.620689655172,0.755172413793104,0.439906426185765
164.103448275862,0.755172413793104,0.368356400460284
164.586206896552,0.755172413793104,0.302165511367346
165.068965517241,0.755172413793104,0.243287420611708
165.551724137931,0.755172413793104,0.192713628541175
166.034482758621,0.755172413793104,0.150561147181016
166.51724137931,0.755172413793104,0.116300430835772
167,0.755172413793104,0.0890188335914933
153,0.759310344827586,0.998591943831088
153.48275862069,0.759310344827586,0.99810454614618
153.965517241379,0.759310344827586,0.997448866903496
154.448275862069,0.759310344827586,0.996567153566855
154.931034482759,0.759310344827586,0.995382116051907
155.413793103448,0.759310344827586,0.993790545280936
155.896551724138,0.759310344827586,0.991655031434589
156.379310344828,0.759310344827586,0.98879336594208
156.862068965517,0.759310344827586,0.984965251411398
157.344827586207,0.759310344827586,0.979856116552942
157.827586206897,0.759310344827586,0.973058277453697
158.310344827586,0.759310344827586,0.964050579611494
158.793103448276,0.759310344827586,0.952179263217934
159.275862068966,0.759310344827586,0.93664540977426
159.758620689655,0.759310344827586,0.916508101317195
160.241379310345,0.759310344827586,0.890716978662159
160.724137931034,0.759310344827586,0.858191609036115
161.206896551724,0.759310344827586,0.817964323489339
161.689655172414,0.759310344827586,0.769392110985441
162.172413793103,0.759310344827586,0.712416250127781
162.655172413793,0.759310344827586,0.647807327220969
163.137931034483,0.759310344827586,0.577295734071556
163.620689655172,0.759310344827586,0.503487183377324
164.103448275862,0.759310344827586,0.429526334529279
164.586206896552,0.759310344827586,0.358583607262639
165.068965517241,0.759310344827586,0.293333173338317
165.551724137931,0.759310344827586,0.235594966914062
166.034482758621,0.759310344827586,0.186226652251539
166.51724137931,0.759310344827586,0.14523775841018
167,0.759310344827586,0.112028615162134
153,0.763448275862069,0.998909061340619
153.48275862069,0.763448275862069,0.99853127226191
153.965517241379,0.763448275862069,0.998022914663411
154.448275862069,0.763448275862069,0.997339072486205
154.931034482759,0.763448275862069,0.996419548512969
155.413793103448,0.763448275862069,0.995183803056243
155.896551724138,0.763448275862069,0.993524327497956
156.379310344828,0.763448275862069,0.991298059398453
156.862068965517,0.763448275862069,0.988315424094002
157.344827586207,0.763448275862069,0.984326638737486
157.827586206897,0.763448275862069,0.979005121594879
158.310344827586,0.763448275862069,0.971928341162113
158.793103448276,0.763448275862069,0.962557416469827
159.275862068966,0.763448275862069,0.950218514985426
159.758620689655,0.763448275862069,0.934091871340227
160.241379310345,0.763448275862069,0.913218176620975
160.724137931034,0.763448275862069,0.886536660588328
161.206896551724,0.763448275862069,0.852972565221088
161.689655172414,0.763448275862069,0.811589877838713
162.172413793103,0.763448275862069,0.761812128419744
162.655172413793,0.763448275862069,0.703684779730447
163.137931034483,0.763448275862069,0.638110671654786
163.620689655172,0.763448275862069,0.566955417363527
164.103448275862,0.763448275862069,0.492927139778246
164.586206896552,0.763448275862069,0.419207692921431
165.068965517241,0.763448275862069,0.348926717521256
165.551724137931,0.763448275862069,0.284653578688445
166.034482758621,0.763448275862069,0.228072360586071
166.51724137931,0.763448275862069,0.179909342197069
167,0.763448275862069,0.140071548792459
153,0.767586206896552,0.999154819290977
153.48275862069,0.767586206896552,0.998862038613459
153.965517241379,0.767586206896552,0.998467990641411
154.448275862069,0.767586206896552,0.997937775153414
154.931034482759,0.767586206896552,0.997224566463089
155.413793103448,0.767586206896552,0.996265621367655
155.896551724138,0.767586206896552,0.994977017895702
156.379310344828,0.767586206896552,0.993246776048555
156.862068965517,0.767586206896552,0.990925961530699
157.344827586207,0.767586206896552,0.98781735824536
157.827586206897,0.767586206896552,0.983661363733493
158.310344827586,0.767586206896552,0.978118998941211
158.793103448276,0.767586206896552,0.970752469810132
159.275862068966,0.767586206896552,0.961004785253618
159.758620689655,0.767586206896552,0.948181802579841
160.241379310345,0.767586206896552,0.931443012635307
160.724137931034,0.767586206896552,0.909811447675673
161.206896551724,0.767586206896552,0.882217654098622
161.689655172414,0.767586206896552,0.847595612762311
162.172413793103,0.767586206896552,0.805045447258264
162.655172413793,0.767586206896552,0.754062620248308
163.137931034483,0.767586206896552,0.694801702536381
163.620689655172,0.767586206896552,0.628300093113365
164.103448275862,0.767586206896552,0.556556278173728
164.586206896552,0.767586206896552,0.482373224157653
165.068965517241,0.767586206896552,0.408959078130501
165.551724137931,0.767586206896552,0.339392165782488
166.034482758621,0.767586206896552,0.276130384237025
166.51724137931,0.767586206896552,0.220720567973726
167,0.767586206896552,0.173760572115702
153,0.771724137931035,0.999345251208563
153.48275862069,0.771724137931035,0.99911838025379
153.965517241379,0.771724137931035,0.998812991657331
154.448275862069,0.771724137931035,0.998401987120522
154.931034482759,0.771724137931035,0.997848977628848
155.413793103448,0.771724137931035,0.997105148015383
155.896551724138,0.771724137931035,0.996105103842581
156.379310344828,0.771724137931035,0.99476140323484
156.862068965517,0.771724137931035,0.992957416698343
157.344827586207,0.771724137931035,0.990538110746227
157.827586206897,0.771724137931035,0.987298344312431
158.310344827586,0.771724137931035,0.982968352993696
158.793103448276,0.771724137931035,0.977196366982619
159.275862068966,0.771724137931035,0.969528913938756
159.758620689655,0.771724137931035,0.95939052041328
160.241379310345,0.771724137931035,0.946066529408405
160.724137931034,0.771724137931035,0.928695859382868
161.206896551724,0.771724137931035,0.906284733593745
161.689655172414,0.771724137931035,0.877756918079455
162.172413793103,0.771724137931035,0.842058402754364
162.655172413793,0.771724137931035,0.798330109604347
163.137931034483,0.771724137931035,0.746144876533452
163.620689655172,0.771724137931035,0.68577107563637
164.103448275862,0.771724137931035,0.618382431666738
164.586206896552,0.771724137931035,0.54610716798191
165.068965517241,0.771724137931035,0.471834864569377
165.551724137931,0.771724137931035,0.398788867310218
166.034482758621,0.771724137931035,0.329986036104736
166.51724137931,0.771724137931035,0.267766842149563
167,0.771724137931035,0.21354019348206
153,0.775862068965517,0.999492797782066
153.48275862069,0.775862068965517,0.999317016925004
153.965517241379,0.775862068965517,0.999080371789843
154.448275862069,0.775862068965517,0.998761833608442
154.931034482759,0.775862068965517,0.998333145109878
155.413793103448,0.775862068965517,0.997756365791738
155.896551724138,0.775862068965517,0.996980607952942
156.379310344828,0.775862068965517,0.995937716536839
156.862068965517,0.775862068965517,0.994536586821218
157.344827586207,0.775862068965517,0.992655755071001
157.827586206897,0.775862068965517,0.990133853659567
158.310344827586,0.775862068965517,0.986757524580278
158.793103448276,0.775862068965517,0.982246490776191
159.275862068966,0.775862068965517,0.976235792288472
159.758620689655,0.775862068965517,0.96825586331131
160.241379310345,0.775862068965517,0.957712389734575
160.724137931034,0.775862068965517,0.943870033882126
161.206896551724,0.775862068965517,0.925847388714657
161.689655172414,0.775862068965517,0.902634849270033
162.172413793103,0.775862068965517,0.873151483332037
162.655172413793,0.775862068965517,0.836358770004083
163.137931034483,0.775862068965517,0.791443265979087
163.620689655172,0.775862068965517,0.738060631191104
164.103448275862,0.775862068965517,0.676597469096588
164.586206896552,0.775862068965517,0.60836495416114
165.068965517241,0.775862068965517,0.535617156124393
165.551724137931,0.775862068965517,0.461321452798837
166.034482758621,0.775862068965517,0.388705185307272
166.51724137931,0.775862068965517,0.320714009981914
167,0.775862068965517,0.259565768251609
153,0.78,0.999607108081256
153.48275862069,0.78,0.999470922757292
153.965517241379,0.78,0.999287566110832
154.448275862069,0.78,0.999040726476951
154.931034482759,0.78,0.998708473903284
155.413793103448,0.78,0.998261343071626
155.896551724138,0.78,0.997659776727761
156.379310344828,0.78,0.99685072822504
156.862068965517,0.78,0.995763168161959
157.344827586207,0.78,0.994302180546523
157.827586206897,0.78,0.992341275977988
158.310344827586,0.78,0.989712509912067
158.793103448276,0.78,0.986194006850164
159.275862068966,0.78,0.981494618229746
159.758620689655,0.78,0.975235789310625
160.241379310345,0.78,0.966931447870128
160.724137931034,0.78,0.955968098182472
161.206896551724,0.78,0.941589599039334
161.689655172414,0.78,0.922894551305422
162.172413793103,0.78,0.898858637918588
162.655172413793,0.78,0.86839849559785
163.137931034483,0.78,0.830494780603252
163.620689655172,0.78,0.784384669227219
164.103448275862,0.78,0.729812065446354
164.586206896552,0.78,0.667285884749585
165.068965517241,0.78,0.598255262767985
165.551724137931,0.78,0.525095462009754
166.034482758621,0.78,0.450842287731627
166.51724137931,0.78,0.378715830659753
167,0.78,0.311581330710361
